{"inkVersion":21,"root":[["\n",{"->":"scene_2"},["done",{"#f":5,"#n":"g-0"}],null],"done",{"scene_2":["ev","str","^#6E9BC5","/str","/ev",{"VAR=":"background","re":true},"^醒来后，我从窗外望去，看见了蔚蓝的天空。","\n","^房间里弥漫着早已习惯的医院气味。","\n","^我努力搜寻脑中的记忆——","\n","^蓝突然倒下，我为了救她，进行了一些急救措施。","\n","^战术科的煌嵐姐姐，用飞行器载着我和蓝，飞速赶往崩坏学园附属医院。","\n","^刚入学崩坏学园的时候，我曾来过这里参观和学习。这是世界上最顶尖的医院，而且对所有崩坏学园的师生免费开放。","\n","^正因如此，对于房间的布置，我并不陌生。","\n","^我生出了一个疑问——","\n","ev","str","^black","/str","/ev",{"VAR=":"background","re":true},"^我为什么会在病房里醒来？","\n","ev","str","^#6E9BC5","/str","/ev",{"VAR=":"background","re":true},"^中途不小心睡着了？是不是太累了的缘故......","\n","^而且所处的病房并非普通病房，是用于术后恢复的重症监护室。","\n","^但醒来时，我的身体没有连接任何监测生命体征的设备。","\n","^重症监护室可不是用来小憩的地方......","\n","^::html::","ev",{"VAR?":"c_rie_name"},"out","/ev","^: 真奇怪......","\n","^病房里除了我，一个人也没有。可能大家在蓝的病房那儿？","\n","^作为医生，理应赶紧去蓝的病房，确认她的病情。","\n","^但......我有点害怕。","\n","^我不知道等待我的是好消息还是坏消息。","\n","^::html::","ev",{"VAR?":"c_rie_name"},"out","/ev","^: 先快速四处看看吧......","\n","^或许可以弄清楚，我睡着的时候发生了什么。","\n","^然后就去蓝的病房。","\n",{"->":"scene_2_check"},{"#f":1}],"scene_2_check":[["ev","str","^#6E9BC5","/str","/ev",{"VAR=":"background","re":true},"^我想要看看......","\n",["ev",{"^->":"scene_2_check.0.8.$r1"},{"temp=":"$r"},"str",{"->":".^.s"},[{"#n":"$r1"}],"/str","/ev",{"*":".^.^.c-0","flg":18},{"s":["^蛋糕",{"->":"$r","var":true},null]}],["ev",{"^->":"scene_2_check.0.9.$r1"},{"temp=":"$r"},"str",{"->":".^.s"},[{"#n":"$r1"}],"/str","/ev",{"*":".^.^.c-1","flg":18},{"s":["^万能医疗箱",{"->":"$r","var":true},null]}],["ev",{"^->":"scene_2_check.0.10.$r1"},{"temp=":"$r"},"str",{"->":".^.s"},[{"#n":"$r1"}],"/str","/ev",{"*":".^.^.c-2","flg":18},{"s":["^窗户",{"->":"$r","var":true},null]}],{"*":".^.c-3","flg":24},{"c-0":["ev",{"^->":"scene_2_check.0.c-0.$r2"},"/ev",{"temp=":"$r"},{"->":".^.^.8.s"},[{"#n":"$r2"}],"\n",{"->":"scene_2_check_1_cake"},{"#f":5}],"c-1":["ev",{"^->":"scene_2_check.0.c-1.$r2"},"/ev",{"temp=":"$r"},{"->":".^.^.9.s"},[{"#n":"$r2"}],"\n",{"->":"scene_2_check_1_toolkit"},{"#f":5}],"c-2":["ev",{"^->":"scene_2_check.0.c-2.$r2"},"/ev",{"temp=":"$r"},{"->":".^.^.10.s"},[{"#n":"$r2"}],"\n",{"->":"scene_2_check_1_window"},{"#f":5}],"c-3":[{"->":"scene_2_check_done"},"\n",{"#f":5}]}],{"#f":1}],"scene_2_check_done":[[["ev",{"^->":"scene_2_check_done.0.0.$r1"},{"temp=":"$r"},"str",{"->":".^.s"},[{"#n":"$r1"}],"/str","/ev",{"*":".^.^.c-0","flg":18},{"s":["^（没有别的可以看的了）",{"->":"$r","var":true},null]}],{"c-0":["ev",{"^->":"scene_2_check_done.0.c-0.$r2"},"/ev",{"temp=":"$r"},{"->":".^.^.0.s"},[{"#n":"$r2"}],"\n",{"->":"scene_2_step_2"},{"#f":5}]}],{"#f":1}],"scene_2_check_1_cake":["^黑音姐姐留——“你和小蓝的手术已经顺利完成。","\n","^医生说，术后恢复期需要好几天，需要长时间的睡眠。","\n","^小红，你总是这样，不懂得如何照顾自己。”","\n","^::html::","ev",{"VAR?":"c_rie_name"},"out","/ev","^: 黑音姐姐是不是又生气了。","\n","^“没错，我很生气。我希望你学会珍惜自己。”","\n","^::html::","ev",{"VAR?":"c_rie_name"},"out","/ev","^: 果然被猜到了......","\n","^可黑音姐姐这是怎么了，我怎么会需要手术？","\n","^“无论发生什么，我都会陪伴在你们的身边，等你们好起来。","\n","^吃点蛋糕，打起精神来吧！”","\n","^::html::","ev",{"VAR?":"c_rie_name"},"out","/ev","^: ............","\n","ev","str","^black","/str","/ev",{"VAR=":"background","re":true},"^我从来没有告诉过黑音姐姐，我最喜欢的食物是蛋糕。","\n","^但她是一个轻易就能看穿别人的心思的人，","\n","^不经意的动作、眼神、表情......人无法百分之百隐瞒自己的内心。","\n","^甜品天堂的饭后甜品，以及给我的小零食，出现蛋糕的频率越来越高。问及缘由，黑音姐姐会说“姐姐我也想吃哦”。","\n","^黑音姐姐这么做，仿佛是为了告诉我：","\n","^“蛋糕本就不是什么大不了的东西，","\n","^不需要在心的领地中，为它划分重要的位置。”","\n","ev","str","^#6E9BC5","/str","/ev",{"VAR=":"background","re":true},"^得知蓝已经平安无事，我悬着的心也终于放下了......一半左右。","\n","^我还没亲眼确认蓝的病情。","\n","^::html::","ev",{"VAR?":"c_rie_name"},"out","/ev","^: 谢谢你，黑音姐姐。","\n","^::html::","ev",{"VAR?":"c_rie_name"},"out","/ev","^: 我开动了。","\n","^::html::","ev",{"VAR?":"c_rie_name"},"out","/ev","^: 咳咳！","\n","^有点噎住......","\n","^而且吃不完......","\n",{"->":"scene_2_check"},{"#f":1}],"scene_2_check_1_toolkit":["^帘子后面放着当时为了救蓝，我让拉妮姐姐呼出的崩坏能医疗装置——","\n","^“万能医疗箱”。","\n","^通过消耗储存的崩坏能，可以置换出不便携带的中大型医疗设备套组，甚至能根据预设程序，自动执行手术。当然，它也收纳了各种医疗道具。","\n","^导师对我说过，“不到万不得已，不要使用”。","\n","^因为维护费要从她的项目经费里扣。","\n","ev","str","^black","/str","/ev",{"VAR=":"background","re":true},"^崩坏学园的学生需要按照规定组成小队，大部分时候是四人，几乎所有同学都有自己所属的小队，以及带队导师。","\n","^听说巫静妃老师和学生走得很近。","\n","^但一年来，导师和我们沟通的时间，只有第一次见面时的10分钟。","\n","^她通过教务系统给我们派发课程表和作业，我们上课、做作业、提交，她线上批改。整个过程不见面，不和我们说一句多余的话。","\n","^加上她同时带着很多小队，所以......无暇顾及我们吧。","\n","^我连她的名字和脸都想不起来了，只是一直叫她“导师”。","\n","ev","str","^#6E9BC5","/str","/ev",{"VAR=":"background","re":true},"^::html::","ev",{"VAR?":"c_rie_name"},"out","/ev","^: 哼！真是个无聊的大人。","\n","^像只会工作的机器一样，","\n","^我才不要同情她。","\n",{"->":"scene_2_check"},{"#f":1}],"scene_2_check_1_window":["^蓝天白云，令人感到安心。","\n","^玻璃映照出我的脸，纱布遮掩着伤口。","\n","^我打量了一会自己的脸——","\n","^::html::","ev",{"VAR?":"c_rie_name"},"out","/ev","^: 纱布该换新了。","\n","^我身上的伤好得很慢，比小时候还要来得更慢。从血常规的结果来看，血小板的浓度很低。","\n","^因为这个原因，我常常忘记揭掉纱布，要是伤口痊愈的时候，大脑可以弹出通知，“叮咚”地一声提醒我就好了。","\n","^不过，只要有药物的帮助，伤口总归能愈合。","\n","^所以我喜欢药，也喜欢医学。","\n","^我轻轻地把脸上的纱布撕开。","\n","^::html::","ev",{"VAR?":"c_rie_name"},"out","/ev","^: 疼......","\n","^上次被烧杯碎片划伤的伤口，果然还没痊愈......","\n","^如果有镜子就好了，给自己换纱布的时候会方便一些。","\n","^随便将就一下吧。","\n",{"->":"scene_2_check"},{"#f":1}],"scene_2_step_2":[["^::html::","ev",{"VAR?":"c_rie_name"},"out","/ev","^: 唔......","\n","^感觉脑袋里的疑惑不仅没有得到解答，反而变多了......","\n","^真让人沮丧。","\n","^而且，我醒来的时候，已经是白天了。","\n","^我意识到了一个非常、非常可怕的问题......","\n","^那，就，是......","\n","^::html::","ev",{"VAR?":"c_rie_name"},"out","/ev","^: （嗅嗅）（嗅嗅）","\n","^我昨天晚上，没有洗澡，没有换衣服......","\n","^就去睡觉了......","\n","^::html::","ev",{"VAR?":"c_rie_name"},"out","/ev","^: 呜呜......","\n","^::html::","ev",{"VAR?":"c_rie_name"},"out","/ev","^: 原谅我，黑音姐姐，情况特殊......","\n","^让我在家以外的地方洗澡，怪让人害羞的。","\n","^而且没有换洗衣服和洗漱用品。","\n","^::html::","ev",{"VAR?":"c_rie_name"},"out","/ev","^: （嗅嗅）（嗅嗅）","\n","^我再一次确认自己身上的味道......","\n","^应该，还好？","\n","^那就别在意小事了，赶紧去找蓝吧。","\n","ev","str","^去找冰室蓝","/str","/ev",{"*":".^.c-0","flg":20},{"c-0":["\n","ev","str","^black","/str","/ev",{"VAR=":"background","re":true},"^（前往医院走廊）","\n",{"->":"hospital_check_1"},{"#f":5}]}],{"#f":1}],"hospital_check_1":[["ev","str","^#6E9BC5","/str","/ev",{"VAR=":"background","re":true},"^查看......","\n",["ev",{"^->":"hospital_check_1.0.8.$r1"},{"temp=":"$r"},"str",{"->":".^.s"},[{"#n":"$r1"}],"/str","/ev",{"*":".^.^.c-0","flg":18},{"s":["^科普栏目",{"->":"$r","var":true},null]}],{"*":".^.c-1","flg":24},{"c-0":["ev",{"^->":"hospital_check_1.0.c-0.$r2"},"/ev",{"temp=":"$r"},{"->":".^.^.8.s"},[{"#n":"$r2"}],"\n",{"->":"hospital_commonsense"},{"#f":5}],"c-1":[{"->":"hospital_icu"},"\n",{"#f":5}]}],{"#f":1}],"hospital_commonsense":[["^::html::<span style=\"color: rgb(236, 212, 82);\">显示屏里的声音</span>: “接下来介绍的是，本院最新的医疗技术成果——‘记忆整合手术’","\n","^我校对崩坏能的医疗应用开展持续性研究，并迎来最新突破，尤其为认知神经科学领域提供了早期学界无法提供的思路。","\n","^遭受失忆之苦的病患，通过接受脑组织的逆向置换工程，有大概率修复原本被认为不可逆的损伤，恢复记忆与认知功能。","\n","^临床试验患者伴随严重脑部创伤，在项目进入阶段性试验前，患者需在头部移植脑功能维持装置，以继续生活，直至最终阶段的手术。”","\n","^::html::","ev",{"VAR?":"c_rie_name"},"out","/ev","^: 这个......是导师和附属医院共同推进的前沿项目之一。","\n",["ev",{"^->":"hospital_commonsense.0.15.$r1"},{"temp=":"$r"},"str",{"->":".^.s"},[{"#n":"$r1"}],"/str","/ev",{"*":".^.^.c-0","flg":18},{"s":["^（点击屏幕，了解更多技术细节）",{"->":"$r","var":true},null]}],{"c-0":["ev",{"^->":"hospital_commonsense.0.c-0.$r2"},"/ev",{"temp=":"$r"},{"->":".^.^.15.s"},[{"#n":"$r2"}],"\n",{"->":".^.^.g-0"},{"#f":5}],"g-0":["^::html::<span style=\"color: rgb(236, 212, 82);\">显示屏里的声音</span>: “很抱歉，您没有对应权限。”","\n",{"->":"hospital_check_1"},{"#f":5}]}],{"#f":1}],"hospital_icu":[[["ev",{"^->":"hospital_icu.0.0.$r1"},{"temp=":"$r"},"str",{"->":".^.s"},[{"#n":"$r1"}],"/str","/ev",{"*":".^.^.c-0","flg":18},{"s":["^重症监护室",{"->":"$r","var":true},null]}],{"c-0":["ev",{"^->":"hospital_icu.0.c-0.$r2"},"/ev",{"temp=":"$r"},{"->":".^.^.0.s"},[{"#n":"$r2"}],"\n","^::html::","ev",{"VAR?":"c_rie_name"},"out","/ev","^: 没有人...","\n","^刚刚在走廊上，也没有见着任何医护人员。","\n","^体征监测仪器翻倒在地，像紧急情况突发，慌忙地转移病人所造成的。","\n","^::html::","ev",{"VAR?":"c_rie_name"},"out","/ev","^: 这......这里可是崩坏学园附属医院。","\n","^到底发生了什么......","\n","^（调查病房......）","\n",{"->":".^.^.g-0"},{"#f":5}],"g-0":[["ev",{"^->":"hospital_icu.0.g-0.0.$r1"},{"temp=":"$r"},"str",{"->":".^.s"},[{"#n":"$r1"}],"/str","/ev",{"*":".^.^.c-1","flg":18},{"s":["^病历",{"->":"$r","var":true},null]}],{"c-1":["ev",{"^->":"hospital_icu.0.g-0.c-1.$r2"},"/ev",{"temp=":"$r"},{"->":".^.^.0.s"},[{"#n":"$r2"}],"\n",{"->":".^.^.^.g-1"},{"#f":5}],"#f":5}],"g-1":[{"->":"hospital_icu_disease_history"},[["ev",{"^->":"hospital_icu.0.g-1.g-2.0.$r1"},{"temp=":"$r"},"str",{"->":".^.s"},[{"#n":"$r1"}],"/str","/ev",{"*":".^.^.c-2","flg":18},{"s":["^喵",{"->":"$r","var":true},null]}],{"c-2":["ev",{"^->":"hospital_icu.0.g-1.g-2.c-2.$r2"},"/ev",{"temp=":"$r"},{"->":".^.^.0.s"},[{"#n":"$r2"}],"\n","done",{"#f":5}],"#f":5,"#n":"g-2"}],{"#f":5}]}],{"#f":1}],"hospital_icu_disease_history":["^长达数十页的大病历和复诊病历......","\n","ev","str","^black","/str","/ev",{"VAR=":"background","re":true},"^::html::","ev",{"VAR?":"c_rie_name"},"out","/ev","^: 她头上的是......“脑功能维持装置”？！","\n","^蓝的脑袋两侧，各有一个像叫餐铃的谜之装置，就连洗澡的时候也不会摘下。","\n","^这是她不能问及的逆鳞，没人能从她口中得到答案，我也不例外。","\n","done",{"#f":1}],"global decl":["ev","str","^default","/str",{"VAR=":"background"},"str","^<span style=\"color: rgb(221, 107, 123);\">红理惠</span>","/str",{"VAR=":"c_rie_name"},"/ev","end",null],"#f":1}],"listDefs":{}}